{
  "$types": {
    "UnrealBuildTool.EncryptionAndSigning+CryptoSettings, UnrealBuildTool, Version=4.0.0.0, Culture=neutral, PublicKeyToken=null": "1",
    "UnrealBuildTool.EncryptionAndSigning+EncryptionKey, UnrealBuildTool, Version=4.0.0.0, Culture=neutral, PublicKeyToken=null": "2"
  },
  "$type": "1",
  "EncryptionKey": {
    "$type": "2",
    "Name": null,
    "Guid": null,
    "Key": "Q6XOwkTomj4QnhTt54dWnnnJzey7CYV8b+8IDxSJjvk="
  },
  "SigningKey": null,
  "bEnablePakSigning": true,
  "bEnablePakIndexEncryption": true,
  "bEnablePakIniEncryption": true,
  "bEnablePakUAssetEncryption": true,
  "bEnablePakFullAssetEncryption": false,
  "bDataCryptoRequired": true,
  "PakEncryptionRequired":true,
  "SecondaryEncryptionKeys": []
}